perturbation,family,key,spearman,overlap_pct,swaps_top10,entered_top40,left_top40
shipped,discount,influence,1,100,0,,
documented-0.25,discount,influence,1,100,0,,
documented+0.25,discount,influence,1,100,0,,
reported-0.25,discount,influence,1,100,0,,
reported+0.25,discount,influence,1,100,0,,
inferred-0.25,discount,influence,0.997,97.5,0,ibrahim-chaibi,wassila-bourguiba
inferred+0.25,discount,influence,1,100,1,,
shipped,discount,composite,1,100,0,,
documented-0.25,discount,composite,1,100,0,,
documented+0.25,discount,composite,1,100,0,,
reported-0.25,discount,composite,0.999,100,1,,
reported+0.25,discount,composite,1,100,0,,
inferred-0.25,discount,composite,1,100,0,,
inferred+0.25,discount,composite,1,100,0,,
window 8→4 (halved),window,authority,1,100,0,,
window 8→16 (doubled),window,authority,1,100,0,,
slack year 365→183 month 92→46 (-50%),slack,authority,1,100,0,,
slack year 365→548 month 92→138 (+50%),slack,authority,1,100,0,,
window 8→4 (halved),window,proximity,1,100,0,,
window 8→16 (doubled),window,proximity,1,100,0,,
slack year 365→183 month 92→46 (-50%),slack,proximity,1,100,0,,
slack year 365→548 month 92→138 (+50%),slack,proximity,1,100,0,,
window 8→4 (halved),window,survival,1,100,0,,
window 8→16 (doubled),window,survival,1,100,0,,
slack year 365→183 month 92→46 (-50%),slack,survival,0.997,97.5,0,ghazi-chaouachi,youssef-chahed
slack year 365→548 month 92→138 (+50%),slack,survival,1,100,0,,
window 8→4 (halved),window,brokerage,1,100,0,,
window 8→16 (doubled),window,brokerage,1,100,0,,
slack year 365→183 month 92→46 (-50%),slack,brokerage,1,100,0,,
slack year 365→548 month 92→138 (+50%),slack,brokerage,1,100,0,,
window 8→4 (halved),window,reach,1,100,0,,
window 8→16 (doubled),window,reach,1,100,0,,
slack year 365→183 month 92→46 (-50%),slack,reach,1,100,0,,
slack year 365→548 month 92→138 (+50%),slack,reach,1,100,0,,
window 8→4 (halved),window,influence,1,100,0,,
window 8→16 (doubled),window,influence,1,100,0,,
slack year 365→183 month 92→46 (-50%),slack,influence,1,100,0,,
slack year 365→548 month 92→138 (+50%),slack,influence,1,100,0,,
window 8→4 (halved),window,composite,1,100,0,,
window 8→16 (doubled),window,composite,1,100,0,,
slack year 365→183 month 92→46 (-50%),slack,composite,0.993,100,0,,
slack year 365→548 month 92→138 (+50%),slack,composite,0.996,100,0,,
weight authority 1→0 (excluded),weight,composite,0.793,82.5,2,marouane-mabrouk;slim-riahi;ghazi-chaouachi;ahmed-nejib-chebbi;abdessattar-ben-moussa;najet-jaouadi;ridha-chalghoum,lotfi-ben-jeddou;mourad-saidane;ahmed-mestiri;hassine-gharbi;najla-bouden;habib-ben-yahia;mustapha-ben-jaafar
weight authority 1→0.5 (halved),weight,composite,0.957,90,1,marouane-mabrouk;najet-jaouadi;ridha-chalghoum;ghazi-chaouachi,ahmed-mestiri;najla-bouden;habib-ben-yahia;mustapha-ben-jaafar
weight authority 1→2 (doubled),weight,composite,0.932,87.5,1,tahar-ben-ammar;rachid-ammar;abdallah-kallel;chokri-riahi;mohamed-aziz-bouattour,faouzi-elloumi;abdelwahab-ben-ayed;farouk-bouasker;leila-jaffel;mustapha-ben-jaafar
weight proximity 1→0 (excluded),weight,composite,0.877,72.5,1,mohamed-aziz-bouattour;mohamed-el-ghoul;rejeb-khaznadar;mustapha-khaznadar;marouane-mabrouk;adel-jehane;mohamed-hajem;mohamed-khamassi;wided-bouchamaoui;ridha-chalghoum;khelifa-harroum,ali-seriati;brahim-bertagi;lotfi-ben-jeddou;faouzi-elloumi;mourad-saidane;abdelwahab-ben-ayed;farouk-bouasker;ahmed-mestiri;leila-jaffel;najla-bouden;habib-ben-yahia
weight proximity 1→0.5 (halved),weight,composite,0.967,95,1,marouane-mabrouk;ridha-chalghoum,najla-bouden;habib-ben-yahia
weight proximity 1→2 (doubled),weight,composite,0.998,92.5,1,yadh-ben-achour;ridha-belhaj;nadia-akacha,mohamed-habib-dhif;hassine-gharbi;mustapha-ben-jaafar
weight survival 1→0 (excluded),weight,composite,0.772,47.5,1,tahar-ben-ammar;yadh-ben-achour;ridha-belhaj;hichem-mechichi;lotfi-brahem;habib-ammar;abdelhamid-escheikh;abdallah-kallel;khaled-nouri;kamel-feki;chedli-neffati;mohamed-jegham;rafiq-belhaj-kacem;mohamed-najem-gharsalli;hedi-majdoub;hichem-fourati;rachid-sfar;mehdi-jomaa;mohammed-mzali;nadia-akacha;hassen-belkhodja,khaled-yahyaoui;brahim-bouderbala;nouri-ben-taous;rached-ghannouchi;mohamed-salah-hamdi;othman-battikh;abdelkarim-zbidi;mohamed-habib-dhif;othman-jarandi;ali-seriati;brahim-bertagi;faouzi-elloumi;mourad-saidane;abdelwahab-ben-ayed;farouk-bouasker;ahmed-mestiri;leila-jaffel;hassine-gharbi;najla-bouden;habib-ben-yahia;mustapha-ben-jaafar
weight survival 1→0.5 (halved),weight,composite,0.951,85,1,tahar-ben-ammar;yadh-ben-achour;abdallah-kallel;habib-ammar;ridha-belhaj;rachid-sfar,othman-jarandi;faouzi-elloumi;abdelwahab-ben-ayed;leila-jaffel;hassine-gharbi;mustapha-ben-jaafar
weight survival 1→2 (doubled),weight,composite,0.906,82.5,0,marouane-mabrouk;abdelhamid-belati;ridha-chalghoum;ghazi-chaouachi;slim-riahi;abdessattar-ben-moussa;ahmed-nejib-chebbi,mohamed-ennaceur;lotfi-ben-jeddou;mourad-saidane;farouk-bouasker;ahmed-mestiri;najla-bouden;habib-ben-yahia
weight brokerage 1→0 (excluded),weight,composite,0.967,97.5,1,chokri-riahi,mustapha-ben-jaafar
weight brokerage 1→0.5 (halved),weight,composite,0.992,100,0,,
weight brokerage 1→2 (doubled),weight,composite,0.99,95,2,marouane-mabrouk;tahar-ben-ammar,habib-ben-yahia;mustapha-ben-jaafar
weight reach 1→0 (excluded),weight,composite,0.941,95,1,chokri-riahi;marouane-mabrouk,farouk-bouasker;habib-ben-yahia
weight reach 1→0.5 (halved),weight,composite,0.979,97.5,1,chokri-riahi,habib-ben-yahia
weight reach 1→2 (doubled),weight,composite,0.972,95,2,najet-jaouadi;ridha-chalghoum,najla-bouden;mustapha-ben-jaafar
weight influence 1→0 (excluded),weight,composite,0.995,100,1,,
weight influence 1→0.5 (halved),weight,composite,0.999,100,1,,
weight influence 1→2 (doubled),weight,composite,0.995,100,0,,
remove allegation,edge-removal,authority,1,100,0,,
remove allegation,edge-removal,proximity,1,100,0,,
remove allegation,edge-removal,survival,1,100,0,,
remove allegation,edge-removal,brokerage,1,100,0,,
remove allegation,edge-removal,reach,1,100,0,,
remove allegation,edge-removal,influence,1,100,0,,
remove allegation,edge-removal,composite,1,100,0,,
remove appointment,edge-removal,authority,1,100,0,,
remove appointment,edge-removal,proximity,0.997,97.5,0,ali-chebbi,yadh-ben-achour
remove appointment,edge-removal,survival,1,100,0,,
remove appointment,edge-removal,brokerage,0.988,97.5,3,ahmed-mestiri,mehdi-jomaa
remove appointment,edge-removal,reach,1,100,0,,
remove appointment,edge-removal,influence,1,100,0,,
remove appointment,edge-removal,composite,0.981,97.5,0,marouane-mabrouk,mourad-saidane
remove board,edge-removal,authority,1,100,0,,
remove board,edge-removal,proximity,1,100,0,,
remove board,edge-removal,survival,1,100,0,,
remove board,edge-removal,brokerage,0.949,95,3,ahmed-ben-salah;ahmed-mestiri,fadhel-abdelkefi;mehdi-jomaa
remove board,edge-removal,reach,1,100,0,,
remove board,edge-removal,influence,1,100,0,,
remove board,edge-removal,composite,0.998,100,0,,
remove business,edge-removal,authority,1,100,0,,
remove business,edge-removal,proximity,1,100,0,,
remove business,edge-removal,survival,1,100,0,,
remove business,edge-removal,brokerage,1,100,0,,
remove business,edge-removal,reach,1,100,0,,
remove business,edge-removal,influence,1,100,0,,
remove business,edge-removal,composite,1,100,0,,
remove diplomatic,edge-removal,authority,1,100,0,,
remove diplomatic,edge-removal,proximity,1,100,0,,
remove diplomatic,edge-removal,survival,1,100,0,,
remove diplomatic,edge-removal,brokerage,0.976,97.5,2,ahmed-ben-salah,ridha-belhaj
remove diplomatic,edge-removal,reach,1,100,0,,
remove diplomatic,edge-removal,influence,1,100,0,,
remove diplomatic,edge-removal,composite,0.997,97.5,0,marouane-mabrouk,mustapha-ben-jaafar
remove family,edge-removal,authority,1,100,0,,
remove family,edge-removal,proximity,1,100,0,,
remove family,edge-removal,survival,1,100,0,,
remove family,edge-removal,brokerage,0.984,90,1,ahmed-ben-salah;ahmed-mestiri;naoufel-saied;leila-jaffel,nesrine-ben-ali;sakher-el-materi;cyrine-ben-ali;hichem-mechichi
remove family,edge-removal,reach,1,100,0,,
remove family,edge-removal,influence,1,100,0,,
remove family,edge-removal,composite,0.998,97.5,0,chokri-riahi,faouzi-elloumi
remove institutional,edge-removal,authority,1,100,0,,
remove institutional,edge-removal,proximity,0.999,97.5,0,ali-chebbi,abdallah-farhat
remove institutional,edge-removal,survival,1,100,0,,
remove institutional,edge-removal,brokerage,0.877,85,4,ahmed-ben-salah;nabil-baffoun;farouk-bouasker;habib-boulares;ahmed-mestiri;mohamed-ghannouchi,tahar-ben-ammar;abdelwahab-ben-ayed;aziz-miled;zied-krichen;sara-zaafarani;zouheir-mejri
remove institutional,edge-removal,reach,1,100,0,,
remove institutional,edge-removal,influence,1,100,0,,
remove institutional,edge-removal,composite,0.98,97.5,1,chokri-riahi,abdelwahab-ben-ayed
remove ownership,edge-removal,authority,1,100,0,,
remove ownership,edge-removal,proximity,1,100,0,,
remove ownership,edge-removal,survival,1,100,0,,
remove ownership,edge-removal,brokerage,0.908,85,3,ahmed-ben-salah;ahmed-mestiri;mongi-slim;habib-bourguiba-jr;leila-jaffel;habib-boulares,aziz-miled;nesrine-ben-ali;sakher-el-materi;sarra-rejeb;hamadi-jebali;mehdi-jomaa
remove ownership,edge-removal,reach,1,100,0,,
remove ownership,edge-removal,influence,1,100,0,,
remove ownership,edge-removal,composite,0.993,100,0,,
remove party,edge-removal,authority,1,100,0,,
remove party,edge-removal,proximity,1,100,0,,
remove party,edge-removal,survival,1,100,0,,
remove party,edge-removal,brokerage,0.997,97.5,0,ahmed-mestiri,zouheir-mejri
remove party,edge-removal,reach,1,100,0,,
remove party,edge-removal,influence,1,100,0,,
remove party,edge-removal,composite,1,100,0,,
remove political-alliance,edge-removal,authority,1,100,0,,
remove political-alliance,edge-removal,proximity,1,100,0,,
remove political-alliance,edge-removal,survival,1,100,0,,
remove political-alliance,edge-removal,brokerage,0.993,97.5,2,ahmed-ben-salah,zouheir-mejri
remove political-alliance,edge-removal,reach,1,100,0,,
remove political-alliance,edge-removal,influence,1,100,0,,
remove political-alliance,edge-removal,composite,0.999,100,0,,
remove political-conflict,edge-removal,authority,1,100,0,,
remove political-conflict,edge-removal,proximity,1,100,0,,
remove political-conflict,edge-removal,survival,1,100,0,,
remove political-conflict,edge-removal,brokerage,0.985,97.5,2,ahmed-mestiri,hichem-mechichi
remove political-conflict,edge-removal,reach,1,100,0,,
remove political-conflict,edge-removal,influence,1,100,0,,
remove political-conflict,edge-removal,composite,0.974,97.5,2,marouane-mabrouk,mustapha-ben-jaafar
remove prosecution,edge-removal,authority,1,100,0,,
remove prosecution,edge-removal,proximity,1,100,0,,
remove prosecution,edge-removal,survival,1,100,0,,
remove prosecution,edge-removal,brokerage,0.782,87.5,2,najet-jaouadi;ahmed-ben-salah;leila-jaffel;ahmed-mestiri;mohamed-ghannouchi,ayachi-hammami;kamel-eltaief;ali-seriati;ridha-belhaj;kamel-guizani
remove prosecution,edge-removal,reach,1,100,0,,
remove prosecution,edge-removal,influence,1,100,0,,
remove prosecution,edge-removal,composite,0.997,97.5,0,najet-jaouadi,mustapha-ben-jaafar
remove reported-influence,edge-removal,authority,1,100,0,,
remove reported-influence,edge-removal,proximity,1,100,0,,
remove reported-influence,edge-removal,survival,1,100,0,,
remove reported-influence,edge-removal,brokerage,0.907,95,4,ahmed-mestiri;ahmed-ben-salah,hamadi-jebali;mehdi-jomaa
remove reported-influence,edge-removal,reach,1,100,0,,
remove reported-influence,edge-removal,influence,0.883,90,0,ibrahim-chaibi;ali-chebbi;jalloul-jeribi;boubaker-el-akhzouri,khaled-yahyaoui;kamel-eltaief;mohamed-habib-dhif;wassila-bourguiba
remove reported-influence,edge-removal,composite,0.988,97.5,1,marouane-mabrouk,mustapha-ben-jaafar
remove security,edge-removal,authority,1,100,0,,
remove security,edge-removal,proximity,0.997,97.5,0,ali-chebbi,kamel-akrout
remove security,edge-removal,survival,1,100,0,,
remove security,edge-removal,brokerage,0.989,95,1,habib-boulares;ahmed-mestiri,kamel-guizani;mehdi-jomaa
remove security,edge-removal,reach,1,100,0,,
remove security,edge-removal,influence,1,100,0,,
remove security,edge-removal,composite,0.997,100,1,,
remove succession,edge-removal,authority,1,100,0,,
remove succession,edge-removal,proximity,1,100,0,,
remove succession,edge-removal,survival,1,100,0,,
remove succession,edge-removal,brokerage,0.992,100,1,,
remove succession,edge-removal,reach,1,100,0,,
remove succession,edge-removal,influence,1,100,0,,
remove succession,edge-removal,composite,0.999,100,0,,
remove sources tier-1-2 primary/institutional,source-family,authority,0.966,90,0,abdelhamid-escheikh;lotfi-brahem;kamel-feki;khaled-nouri,fouad-mebazaa;moncef-marzouki;beji-caid-essebsi;ali-laarayedh
remove sources tier-1-2 primary/institutional,source-family,proximity,0.923,82.5,1,ali-chebbi;ghazi-jeribi;taieb-mehiri;hedi-khefacha;ahmed-mestiri;tahar-belkhodja;habib-ammar,moncef-marzouki;hamadi-jebali;ali-laarayedh;mehdi-jomaa;elyes-fakhfakh;najla-bouden;ahmed-hachani
remove sources tier-1-2 primary/institutional,source-family,survival,0.94,87.5,0,ghazi-chaouachi;maya-jribi;zouhair-maghzaoui;slim-riahi;lotfi-mraihi,moncef-marzouki;beji-caid-essebsi;youssef-chahed;mohamed-hajem;kamel-akrout
remove sources tier-1-2 primary/institutional,source-family,brokerage,0.785,82.5,5,lotfi-brahem;ahmed-mestiri;khaled-yahyaoui;abdallah-kallel;habib-boulares;ahmed-ben-salah;leila-jaffel,nesrine-ben-ali;sakher-el-materi;fadhel-abdelkefi;ali-seriati;ridha-belhaj;hamadi-jebali;mehdi-jomaa
remove sources tier-1-2 primary/institutional,source-family,reach,1,100,0,,
remove sources tier-1-2 primary/institutional,source-family,influence,1,100,0,,
remove sources tier-1-2 primary/institutional,source-family,composite,0.894,82.5,2,marouane-mabrouk;najet-jaouadi;sadok-mokaddem;ridha-chalghoum;ahmed-nejib-chebbi;abdelhamid-belati;abdallah-kallel,moncef-marzouki;fouad-mebazaa;youssef-chahed;ali-laarayedh;habib-essid;mourad-saidane;najla-bouden
remove sources tier-3 established journalism,source-family,authority,0.637,42.5,0,abdelhamid-escheikh;lotfi-brahem;khaled-nouri;mohamed-najem-gharsalli;hedi-majdoub;hichem-fourati;tawfik-charfeddine;mohamed-habib-dhif;bahi-ladgham;hedi-baccouche;hamadi-jebali;mehdi-jomaa;youssef-chahed;elyes-fakhfakh;najla-bouden;ahmed-hachani;kamel-madouri;sara-zaafarani;hedi-nouira;ali-seriati;mohamed-ali-ganzoui;abderrahmane-belhaj-ali;abdessatar-bennour,kais-saied;rejeb-khaznadar;moustapha-khodja;mohamed-larbi-zarrouk;hussein-khodja;shakir-saheb-ettabaa;hayreddin-pasha;mohammed-khaznadar;mustapha-ben-ismail;mohamed-aziz-bouattour;mhamed-djellouli;youssef-djait;taieb-djellouli;mustapha-dinguizli;khelil-bouhageb;hedi-lakhoua;mohamed-chenik;slaheddine-baccouche;mustapha-kaak;mohamed-salah-mzali;tahar-ben-ammar;ghazi-jeribi;ahmed-mestiri
remove sources tier-3 established journalism,source-family,proximity,0.786,67.5,1,ali-chebbi;taieb-mehiri;hedi-khefacha;tahar-belkhodja;habib-ammar;abdelhamid-escheikh;ali-seriati;mohamed-ali-ganzoui;abderrahmane-belhaj-ali;lotfi-brahem;khaled-nouri;khaled-shili;mohamed-najem-gharsalli,mohammed-mzali;rachid-sfar;sadok-mokaddem;mongi-slim;habib-bourguiba-jr;mohamed-masmoudi;habib-chatti;hassen-belkhodja;hedi-mabrouk;hassib-ben-ammar;bechir-mhedhbi;abdallah-farhat;slaheddine-baly
remove sources tier-3 established journalism,source-family,survival,0.757,72.5,0,ghazi-chaouachi;maya-jribi;zouhair-maghzaoui;slim-riahi;lotfi-mraihi;seifeddine-makhlouf;tarak-cherif;abdelmajid-ezzar;anas-hmaidi;jamel-msallem;othman-battikh,mustapha-ben-jaafar;kais-saied;marouane-abassi;nouri-ben-taous;khaled-yahyaoui;rached-ghannouchi;mohsen-marzouk;abir-moussi;nabil-karoui;abdelwahab-ben-ayed;habib-benhadj-kouider
remove sources tier-3 established journalism,source-family,brokerage,0.748,55,3,issam-chebbi;abdessattar-ben-moussa;kamel-akrout;mohamed-salah-hamdi;faouzi-elloumi;dorsaf-ben-ali;yadh-ben-achour;chawki-tabib;slim-riahi;lotfi-mraihi;abdelaziz-makhloufi;najet-jaouadi;mohamed-abbou;ghazi-chaouachi;sami-hichri;mourad-saidane;habib-ammar;lotfi-brahem,tahar-ben-ammar;nabil-karoui;abdelwahab-ben-ayed;rached-ghannouchi;aziz-miled;hedi-nouira;ismail-khelil;rafik-abdessalem;rachid-sfar;ayachi-hammami;kamel-eltaief;ghazi-jeribi;sarra-rejeb;cyrine-ben-ali;fadhel-abdelkefi;sara-zaafarani;kamel-guizani;kamel-morjane
remove sources tier-3 established journalism,source-family,reach,1,100,0,,
remove sources tier-3 established journalism,source-family,influence,0.996,97.5,0,ibrahim-chaibi,khaled-yahyaoui
remove sources tier-3 established journalism,source-family,composite,0.828,65,1,marouane-mabrouk;najet-jaouadi;ridha-belhaj;abdessattar-ben-moussa;abdelhamid-belati;ahmed-nejib-chebbi;ghazi-chaouachi;slim-riahi;rachid-ammar;habib-ammar;mustapha-kamel-tarzi;kamel-jendoubi;hichem-fourati;yadh-ben-achour,kais-saied;kamel-morjane;nabil-karoui;khaled-yahyaoui;nouri-ben-taous;rached-ghannouchi;abdelkarim-zbidi;mohamed-ghannouchi;brahim-bertagi;lotfi-ben-jeddou;abdelwahab-ben-ayed;ahmed-mestiri;habib-ben-yahia;mustapha-ben-jaafar
remove sources tier-4 regional media,source-family,authority,1,100,0,,
remove sources tier-4 regional media,source-family,proximity,0.994,95,0,ali-chebbi;ghazi-jeribi,yadh-ben-achour;hedi-baccouche
remove sources tier-4 regional media,source-family,survival,0.967,80,0,maya-jribi;zouhair-maghzaoui;slim-riahi;lotfi-mraihi;seifeddine-makhlouf;tarak-cherif;abdelmajid-ezzar;anas-hmaidi,hassine-gharbi;khelifa-harroum;mohamed-salah-hamdi;nouri-lajmi;nejib-ktari;abdessalem-mehdi-grissiaa;brahim-bouderbala;noureddine-taboubi
remove sources tier-4 regional media,source-family,brokerage,0.876,82.5,3,ghazi-chaouachi;ahmed-mestiri;ahmed-ben-salah;mongi-slim;habib-bourguiba-jr;leila-jaffel;habib-boulares,brahim-bouderbala;zied-krichen;rafik-abdessalem;sara-zaafarani;hamadi-jebali;mehdi-jomaa;zouheir-mejri
remove sources tier-4 regional media,source-family,reach,1,100,0,,
remove sources tier-4 regional media,source-family,influence,1,100,0,,
remove sources tier-4 regional media,source-family,composite,0.986,90,1,marouane-mabrouk;chokri-riahi;sadok-mokaddem;ridha-chalghoum,brahim-bouderbala;mohamed-salah-hamdi;faouzi-elloumi;hassine-gharbi
remove sources tier-5 leads,source-family,authority,0.997,97.5,0,lotfi-brahem,mohamed-ennaceur
remove sources tier-5 leads,source-family,proximity,0.997,97.5,0,ali-chebbi,mohamed-ennaceur
remove sources tier-5 leads,source-family,survival,0.997,92.5,0,ghazi-chaouachi;maya-jribi;zouhair-maghzaoui,kamel-morjane;brahim-bouderbala;issam-chebbi
remove sources tier-5 leads,source-family,brokerage,0.861,92.5,2,maya-jribi;ahmed-mestiri;lotfi-brahem,kamel-morjane;hamadi-jebali;mehdi-jomaa
remove sources tier-5 leads,source-family,reach,1,100,0,,
remove sources tier-5 leads,source-family,influence,1,100,0,,
remove sources tier-5 leads,source-family,composite,0.969,92.5,1,marouane-mabrouk;chokri-riahi;najet-jaouadi,kamel-morjane;mohamed-ennaceur;mustapha-ben-jaafar
snapshot 1990-01-01,snapshot,authority,0.85,11.8,0,chedli-neffati;hamed-karoui;slaheddine-baly;abdelhamid-el-fehri;mohamed-chadhli-cherif;abderrahmane-belhaj-ali;abdelhamid-escheikh;ismail-khelil;mohamed-ghannouchi;rached-ghannouchi;mustapha-bouaziz;kacem-bousnina;ahmed-nejib-chebbi;abdelwahab-ben-ayed;faouzi-elloumi,bourguiba;fouad-mebazaa;beji-caid-essebsi;kais-saied;mohamed-ennaceur;rejeb-khaznadar;moustapha-khodja;youssef-saheb-ettabaa;mohamed-larbi-zarrouk;hussein-khodja;shakir-saheb-ettabaa;mustapha-saheb-ettabaa;mustapha-khaznadar;hayreddin-pasha;mohammed-khaznadar;mustapha-ben-ismail;mohamed-aziz-bouattour;mhamed-djellouli;youssef-djait;taieb-djellouli;mustapha-dinguizli;khelil-bouhageb;hedi-lakhoua;mohamed-chenik;slaheddine-baccouche;mustapha-kaak;mohamed-salah-mzali;tahar-ben-ammar;rachid-ammar;ali-laarayedh;habib-essid;hichem-mechichi;ghazi-jeribi;taieb-mehiri;hedi-khefacha;ahmed-mestiri;tahar-belkhodja;habib-ammar
snapshot 1990-01-01,snapshot,proximity,0.92,11.8,0,abdelhamid-escheikh;abderrahmane-belhaj-ali;chedli-neffati;hamed-karoui;mustapha-bouaziz;abdelwahab-ben-ayed;kacem-bousnina;mohamed-ghannouchi;abdelhamid-el-fehri;mohamed-chadhli-cherif;ismail-khelil;rached-ghannouchi;faouzi-elloumi;ahmed-nejib-chebbi,bourguiba;fouad-mebazaa;beji-caid-essebsi;kais-saied;kamel-akrout;selma-elloumi;yadh-ben-achour;mohamed-ennaceur;nadia-akacha;ridha-belhaj;bahi-ladgham;mohammed-mzali;rachid-sfar;sadok-mokaddem;mongi-slim;habib-bourguiba-jr;mohamed-masmoudi;habib-chatti;mohamed-fitouri;hassen-belkhodja;hedi-mabrouk;mahmoud-mestiri;hassib-ben-ammar;bechir-mhedhbi;abdallah-farhat;hedi-baccouche;hamadi-jebali;ali-laarayedh;mehdi-jomaa;habib-essid;youssef-chahed;elyes-fakhfakh;hichem-mechichi;najla-bouden;ahmed-hachani;kamel-madouri;sara-zaafarani
snapshot 1990-01-01,snapshot,survival,0.98,17.6,0,ahmed-nejib-chebbi;mohamed-ghannouchi;abdelhamid-el-fehri;hamed-karoui;mohamed-chadhli-cherif;slaheddine-baly;ismail-khelil;abdelhamid-escheikh;chedli-neffati;kacem-bousnina;mustapha-bouaziz,mustapha-ben-jaafar;beji-caid-essebsi;kais-saied;youssef-chahed;hassine-gharbi;khelifa-harroum;kamel-morjane;othman-jarandi;marouane-abassi;mohamed-salah-hamdi;mohamed-el-ghoul;adel-jehane;mohamed-hajem;abdelhamid-belati;nouri-ben-taous;kamel-akrout;mohamed-habib-dhif;khaled-yahyaoui;mohsen-marzouk;abir-moussi;nabil-karoui;marouane-mabrouk;selma-elloumi;nouri-lajmi;sami-essid;sami-fehri;noureddine-boutar;taoufik-habaieb;nejib-ktari;abdessalem-mehdi-grissiaa;brahim-bouderbala;noureddine-taboubi;habib-benhadj-kouider;issam-chebbi
snapshot 1990-01-01,snapshot,brokerage,0.777,23.5,0,slaheddine-baly;abdelhamid-escheikh;abderrahmane-belhaj-ali;chedli-neffati;mohamed-ghannouchi;hamed-karoui;mustapha-bouaziz;faouzi-elloumi;kacem-bousnina;abdelhamid-el-fehri;mohamed-chadhli-cherif,bourguiba;mohamed-ennaceur;marouane-mabrouk;tahar-ben-ammar;kais-saied;nabil-karoui;youssef-chahed;beji-caid-essebsi;ali-laarayedh;aziz-miled;brahim-bouderbala;hedi-nouira;fouad-mebazaa;nesrine-ben-ali;zied-krichen;sakher-el-materi;rafik-abdessalem;selma-elloumi;rachid-sfar;ayachi-hammami;kamel-eltaief;ghazi-jeribi;sarra-rejeb;cyrine-ben-ali;fadhel-abdelkefi;ali-seriati;sara-zaafarani;ridha-belhaj;kamel-guizani;kamel-morjane;hamadi-jebali;mehdi-jomaa;hichem-mechichi;zouheir-mejri
snapshot 1990-01-01,snapshot,reach,1,5.9,0,mohamed-ghannouchi;ismail-khelil;faouzi-elloumi;ahmed-nejib-chebbi;moncef-marzouki;hamed-karoui;mustapha-bouaziz;rached-ghannouchi;abdelwahab-ben-ayed;kacem-bousnina;abdelhamid-el-fehri;mohamed-chadhli-cherif,hassen-belkhodja;kamel-morjane;nabil-karoui;sakher-el-materi;abdelwahab-abdallah;sihem-bensedrine;bochra-belhaj-hmida;ayachi-hammami;chokri-belaid;mohammed-mzali;rachid-sfar;mongi-slim;habib-bourguiba-jr;mohamed-masmoudi;habib-chatti;mohamed-fitouri;hedi-mabrouk;mahmoud-mestiri;bechir-mhedhbi;ali-laarayedh;mehdi-jomaa;habib-essid;hichem-mechichi;habib-ammar;lotfi-brahem;kamel-feki;khaled-nouri;khaled-shili;abdallah-kallel;mohamed-jegham;rafiq-belhaj-kacem;mohamed-naceur-ghannouchi;mohamed-najem-gharsalli;lotfi-ben-jeddou;hedi-majdoub
snapshot 1990-01-01,snapshot,influence,0.896,11.8,0,abdelhamid-escheikh;abderrahmane-belhaj-ali;chedli-neffati;mohamed-ghannouchi;ismail-khelil;hamed-karoui;mustapha-bouaziz;rached-ghannouchi;faouzi-elloumi;abdelwahab-ben-ayed;ahmed-nejib-chebbi;kacem-bousnina;abdelhamid-el-fehri;mohamed-chadhli-cherif,kais-saied;khaled-yahyaoui;kamel-eltaief;mohamed-habib-dhif;wassila-bourguiba;bourguiba;fouad-mebazaa;mustapha-ben-jaafar;bahi-ladgham;mohammed-mzali;rachid-sfar;sadok-mokaddem;mongi-slim;habib-bourguiba-jr;mohamed-masmoudi;habib-chatti;mohamed-fitouri;hassen-belkhodja;hedi-mabrouk;mahmoud-mestiri;hassib-ben-ammar;bechir-mhedhbi;abdallah-farhat;beji-caid-essebsi;hedi-baccouche;hamadi-jebali;ali-laarayedh;mehdi-jomaa;habib-essid;youssef-chahed;elyes-fakhfakh;hichem-mechichi;najla-bouden;ahmed-hachani;kamel-madouri;sara-zaafarani;ahmed-bouhali
snapshot 1990-01-01,snapshot,composite,0.822,17.6,0,hamed-karoui;chedli-neffati;abdelhamid-escheikh;ahmed-nejib-chebbi;abdelhamid-el-fehri;mustapha-bouaziz;mohamed-chadhli-cherif;kacem-bousnina;slaheddine-baly;ismail-khelil,kais-saied;bourguiba;beji-caid-essebsi;fouad-mebazaa;kamel-akrout;selma-elloumi;kamel-morjane;mohamed-ennaceur;youssef-chahed;nabil-karoui;khaled-yahyaoui;brahim-bouderbala;hedi-nouira;tawfik-charfeddine;ali-laarayedh;nouri-ben-taous;mohamed-salah-hamdi;othman-battikh;abdelkarim-zbidi;habib-essid;mohamed-habib-dhif;othman-jarandi;ali-seriati;brahim-bertagi;lotfi-ben-jeddou;mourad-saidane;farouk-bouasker;ahmed-mestiri;leila-jaffel;hassine-gharbi;najla-bouden;habib-ben-yahia;mustapha-ben-jaafar
snapshot 2000-01-01,snapshot,authority,0.998,10,0,mohamed-ghannouchi;ali-seriati;mohamed-ali-ganzoui;abdelhamid-el-fehri;mohamed-chadhli-cherif;abderrahmane-belhaj-ali;mohamed-baji-hamda;habib-ben-yahia;jalloul-jeribi;taoufik-baccar;rached-ghannouchi;bechir-tekkari;mustapha-ben-jaafar;ahmed-nejib-chebbi;marouane-mabrouk;abdelwahab-ben-ayed;selma-elloumi;faouzi-elloumi,bourguiba;moncef-marzouki;beji-caid-essebsi;kais-saied;mohamed-ennaceur;rejeb-khaznadar;moustapha-khodja;youssef-saheb-ettabaa;mohamed-larbi-zarrouk;hussein-khodja;shakir-saheb-ettabaa;mustapha-saheb-ettabaa;mustapha-khaznadar;hayreddin-pasha;mohammed-khaznadar;mustapha-ben-ismail;mohamed-aziz-bouattour;mhamed-djellouli;youssef-djait;taieb-djellouli;mustapha-dinguizli;khelil-bouhageb;hedi-lakhoua;mohamed-chenik;slaheddine-baccouche;mustapha-kaak;mohamed-salah-mzali;tahar-ben-ammar;rachid-ammar;ali-laarayedh;habib-essid;hichem-mechichi;ghazi-jeribi;taieb-mehiri;hedi-khefacha;ahmed-mestiri;tahar-belkhodja;habib-ammar
snapshot 2000-01-01,snapshot,proximity,0.833,15,0,mohamed-ali-ganzoui;abderrahmane-belhaj-ali;mohamed-ghannouchi;bechir-tekkari;habib-ben-yahia;abdelwahab-ben-ayed;jalloul-jeribi;ali-seriati;taoufik-baccar;marouane-mabrouk;abdelhamid-el-fehri;mohamed-chadhli-cherif;mustapha-ben-jaafar;mohamed-baji-hamda;rached-ghannouchi;faouzi-elloumi;ahmed-nejib-chebbi,bourguiba;moncef-marzouki;beji-caid-essebsi;kais-saied;kamel-akrout;yadh-ben-achour;mohamed-ennaceur;nadia-akacha;ridha-belhaj;bahi-ladgham;mohammed-mzali;rachid-sfar;sadok-mokaddem;mongi-slim;habib-bourguiba-jr;mohamed-masmoudi;habib-chatti;mohamed-fitouri;hassen-belkhodja;hedi-mabrouk;mahmoud-mestiri;hassib-ben-ammar;bechir-mhedhbi;abdallah-farhat;slaheddine-baly;hedi-baccouche;hamadi-jebali;ali-laarayedh;mehdi-jomaa;habib-essid;youssef-chahed;elyes-fakhfakh;hichem-mechichi;najla-bouden;ahmed-hachani;kamel-madouri;sara-zaafarani
snapshot 2000-01-01,snapshot,survival,0.987,15,0,ahmed-nejib-chebbi;fouad-mebazaa;ali-seriati;mohamed-ghannouchi;abdelhamid-el-fehri;habib-ben-yahia;taoufik-baccar;mohamed-baji-hamda;mohamed-chadhli-cherif;bechir-tekkari;mohamed-ali-ganzoui;jalloul-jeribi,moncef-marzouki;beji-caid-essebsi;kais-saied;youssef-chahed;hassine-gharbi;khelifa-harroum;kamel-morjane;othman-jarandi;marouane-abassi;mohamed-salah-hamdi;mohamed-el-ghoul;adel-jehane;mohamed-hajem;abdelhamid-belati;nouri-ben-taous;kamel-akrout;mohamed-habib-dhif;khaled-yahyaoui;mohsen-marzouk;abir-moussi;nabil-karoui;nouri-lajmi;sami-essid;sami-fehri;noureddine-boutar;taoufik-habaieb;nejib-ktari;abdessalem-mehdi-grissiaa;brahim-bouderbala;noureddine-taboubi;habib-benhadj-kouider;issam-chebbi
snapshot 2000-01-01,snapshot,brokerage,0.763,25,0,mustapha-ben-jaafar;jalloul-jeribi;mohamed-ali-ganzoui;abderrahmane-belhaj-ali;mohamed-ghannouchi;taoufik-baccar;mohamed-baji-hamda;bechir-tekkari;faouzi-elloumi;habib-ben-yahia;abdelhamid-el-fehri;mohamed-chadhli-cherif,bourguiba;mohamed-ennaceur;moncef-marzouki;tahar-ben-ammar;kais-saied;nabil-karoui;youssef-chahed;beji-caid-essebsi;ali-laarayedh;aziz-miled;brahim-bouderbala;hedi-nouira;nesrine-ben-ali;ismail-khelil;zied-krichen;sakher-el-materi;rafik-abdessalem;rachid-sfar;ayachi-hammami;kamel-eltaief;ghazi-jeribi;sarra-rejeb;cyrine-ben-ali;fadhel-abdelkefi;sara-zaafarani;ridha-belhaj;kamel-guizani;kamel-morjane;hamadi-jebali;mehdi-jomaa;hichem-mechichi;zouheir-mejri
snapshot 2000-01-01,snapshot,reach,1,5,0,mohamed-ghannouchi;selma-elloumi;faouzi-elloumi;habib-ben-yahia;ahmed-nejib-chebbi;fouad-mebazaa;mustapha-ben-jaafar;jalloul-jeribi;ali-seriati;mohamed-ali-ganzoui;taoufik-baccar;mohamed-baji-hamda;bechir-tekkari;rached-ghannouchi;marouane-mabrouk;abdelwahab-ben-ayed;abdelhamid-el-fehri;mohamed-chadhli-cherif,hassen-belkhodja;kamel-morjane;nabil-karoui;sakher-el-materi;abdelwahab-abdallah;sihem-bensedrine;bochra-belhaj-hmida;ayachi-hammami;chokri-belaid;mohammed-mzali;rachid-sfar;mongi-slim;habib-bourguiba-jr;mohamed-masmoudi;habib-chatti;mohamed-fitouri;hedi-mabrouk;mahmoud-mestiri;bechir-mhedhbi;slaheddine-baly;ali-laarayedh;mehdi-jomaa;habib-essid;hichem-mechichi;habib-ammar;abdelhamid-escheikh;lotfi-brahem;kamel-feki;khaled-nouri;khaled-shili;chedli-neffati;abdallah-kallel;mohamed-jegham;rafiq-belhaj-kacem;mohamed-naceur-ghannouchi;mohamed-najem-gharsalli;lotfi-ben-jeddou;hedi-majdoub
snapshot 2000-01-01,snapshot,influence,0.909,15,0,jalloul-jeribi;ali-seriati;mohamed-ali-ganzoui;abderrahmane-belhaj-ali;mohamed-ghannouchi;taoufik-baccar;mohamed-baji-hamda;bechir-tekkari;rached-ghannouchi;marouane-mabrouk;selma-elloumi;faouzi-elloumi;habib-ben-yahia;abdelwahab-ben-ayed;ahmed-nejib-chebbi;abdelhamid-el-fehri;mohamed-chadhli-cherif,kais-saied;khaled-yahyaoui;kamel-eltaief;mohamed-habib-dhif;wassila-bourguiba;bourguiba;moncef-marzouki;bahi-ladgham;mohammed-mzali;rachid-sfar;sadok-mokaddem;mongi-slim;habib-bourguiba-jr;mohamed-masmoudi;habib-chatti;mohamed-fitouri;hassen-belkhodja;hedi-mabrouk;mahmoud-mestiri;hassib-ben-ammar;bechir-mhedhbi;abdallah-farhat;slaheddine-baly;beji-caid-essebsi;hedi-baccouche;hamadi-jebali;ali-laarayedh;mehdi-jomaa;habib-essid;youssef-chahed;elyes-fakhfakh;hichem-mechichi;najla-bouden;ahmed-hachani;kamel-madouri;sara-zaafarani;ahmed-bouhali
snapshot 2000-01-01,snapshot,composite,0.818,25,0,marouane-mabrouk;mohamed-ali-ganzoui;bechir-tekkari;ahmed-nejib-chebbi;taoufik-baccar;abdelhamid-el-fehri;mohamed-chadhli-cherif;jalloul-jeribi;mohamed-baji-hamda,kais-saied;bourguiba;moncef-marzouki;beji-caid-essebsi;kamel-akrout;kamel-morjane;mohamed-ennaceur;youssef-chahed;nabil-karoui;khaled-yahyaoui;brahim-bouderbala;hedi-nouira;tawfik-charfeddine;ali-laarayedh;nouri-ben-taous;mohamed-salah-hamdi;othman-battikh;abdelkarim-zbidi;habib-essid;mohamed-habib-dhif;othman-jarandi;brahim-bertagi;lotfi-ben-jeddou;mourad-saidane;farouk-bouasker;ahmed-mestiri;leila-jaffel;hassine-gharbi;najla-bouden
snapshot 2010-01-01,snapshot,authority,0.863,11.8,0,rafiq-belhaj-kacem;mohamed-ghannouchi;kamel-akrout;kamel-morjane;mohamed-khamassi;taieb-laajimi;tarek-fawzi-el-arabi;ali-seriati;taoufik-baccar;abdelwahab-abdallah;boubaker-el-akhzouri;mohamed-kechiche;rached-ghannouchi;bechir-tekkari;faiza-kefi;othman-ben-arfa;ridha-ben-mosbah;mustapha-ben-jaafar;mohamed-fehri-chelbi;maya-jribi;marouane-mabrouk;abdelwahab-ben-ayed;noureddine-boutar;mokhtar-trifi;larbi-nasra;tahar-ben-hassine;selma-elloumi;faouzi-elloumi;nabil-karoui;taoufik-habaieb,bourguiba;beji-caid-essebsi;kais-saied;mohamed-ennaceur;rejeb-khaznadar;moustapha-khodja;youssef-saheb-ettabaa;mohamed-larbi-zarrouk;hussein-khodja;shakir-saheb-ettabaa;mustapha-saheb-ettabaa;mustapha-khaznadar;hayreddin-pasha;mohammed-khaznadar;mustapha-ben-ismail;mohamed-aziz-bouattour;mhamed-djellouli;youssef-djait;taieb-djellouli;mustapha-dinguizli;khelil-bouhageb;hedi-lakhoua;mohamed-chenik;slaheddine-baccouche;mustapha-kaak;mohamed-salah-mzali;tahar-ben-ammar;ali-laarayedh;habib-essid;hichem-mechichi;ghazi-jeribi;taieb-mehiri;hedi-khefacha;ahmed-mestiri;tahar-belkhodja;habib-ammar
snapshot 2010-01-01,snapshot,proximity,0.888,14.7,0,ali-seriati;rafiq-belhaj-kacem;kamel-morjane;ridha-ben-mosbah;mohamed-ghannouchi;bechir-tekkari;abdelwahab-abdallah;abdelwahab-ben-ayed;boubaker-el-akhzouri;mohamed-kechiche;marouane-mabrouk;rachid-ammar;mohamed-khamassi;taieb-laajimi;tarek-fawzi-el-arabi;mustapha-ben-jaafar;taoufik-baccar;rached-ghannouchi;nabil-karoui;faouzi-elloumi;mohamed-fehri-chelbi;larbi-nasra;noureddine-boutar;taoufik-habaieb;tahar-ben-hassine;faiza-kefi;othman-ben-arfa;maya-jribi;mokhtar-trifi,bourguiba;beji-caid-essebsi;kais-saied;yadh-ben-achour;mohamed-ennaceur;nadia-akacha;ridha-belhaj;bahi-ladgham;mohammed-mzali;rachid-sfar;sadok-mokaddem;mongi-slim;habib-bourguiba-jr;mohamed-masmoudi;habib-chatti;mohamed-fitouri;hassen-belkhodja;hedi-mabrouk;mahmoud-mestiri;hassib-ben-ammar;bechir-mhedhbi;abdallah-farhat;slaheddine-baly;hedi-baccouche;hamadi-jebali;ali-laarayedh;mehdi-jomaa;habib-essid;youssef-chahed;elyes-fakhfakh;hichem-mechichi;najla-bouden;ahmed-hachani;kamel-madouri;sara-zaafarani
snapshot 2010-01-01,snapshot,survival,0.543,38.2,0,maya-jribi;mohamed-khamassi;tahar-ben-hassine;fouad-mebazaa;larbi-nasra;ali-seriati;mohamed-ghannouchi;taieb-laajimi;rachid-ammar;taoufik-baccar;mokhtar-trifi;othman-ben-arfa;faiza-kefi;bechir-tekkari;rafiq-belhaj-kacem;boubaker-el-akhzouri;mohamed-kechiche;abdelwahab-abdallah;tarek-fawzi-el-arabi;ridha-ben-mosbah;mohamed-fehri-chelbi,beji-caid-essebsi;kais-saied;youssef-chahed;abderrahmane-belhaj-ali;hassine-gharbi;khelifa-harroum;othman-jarandi;marouane-abassi;mohamed-salah-hamdi;mohamed-el-ghoul;adel-jehane;mohamed-hajem;abdelhamid-belati;nouri-ben-taous;mohamed-habib-dhif;khaled-yahyaoui;mohsen-marzouk;abir-moussi;nouri-lajmi;sami-essid;sami-fehri;nejib-ktari;abdessalem-mehdi-grissiaa;brahim-bouderbala;noureddine-taboubi;habib-benhadj-kouider;issam-chebbi
snapshot 2010-01-01,snapshot,brokerage,0.833,26.5,1,abdelwahab-abdallah;maya-jribi;mustapha-ben-jaafar;boubaker-el-akhzouri;rafiq-belhaj-kacem;ridha-ben-mosbah;mohamed-ghannouchi;taoufik-baccar;mohamed-kechiche;bechir-tekkari;rachid-ammar;mohamed-khamassi;taieb-laajimi;kamel-akrout;faouzi-elloumi;mohamed-fehri-chelbi;larbi-nasra;noureddine-boutar;taoufik-habaieb;tahar-ben-hassine;faiza-kefi;othman-ben-arfa;mokhtar-trifi;tarek-fawzi-el-arabi,bourguiba;mohamed-ennaceur;tahar-ben-ammar;kais-saied;youssef-chahed;beji-caid-essebsi;ali-laarayedh;aziz-miled;brahim-bouderbala;hedi-nouira;nesrine-ben-ali;ismail-khelil;zied-krichen;sakher-el-materi;rafik-abdessalem;rachid-sfar;ayachi-hammami;kamel-eltaief;ghazi-jeribi;sarra-rejeb;cyrine-ben-ali;fadhel-abdelkefi;sara-zaafarani;ahmed-nejib-chebbi;ridha-belhaj;kamel-guizani;hamadi-jebali;mehdi-jomaa;hichem-mechichi;zouheir-mejri
snapshot 2010-01-01,snapshot,reach,0.999,11.8,0,ridha-ben-mosbah;mohamed-ghannouchi;rachid-ammar;kamel-akrout;selma-elloumi;faouzi-elloumi;larbi-nasra;noureddine-boutar;tahar-ben-hassine;maya-jribi;mokhtar-trifi;fouad-mebazaa;moncef-marzouki;mustapha-ben-jaafar;boubaker-el-akhzouri;ali-seriati;taoufik-baccar;mohamed-kechiche;bechir-tekkari;mohamed-khamassi;taieb-laajimi;rached-ghannouchi;marouane-mabrouk;abdelwahab-ben-ayed;mohamed-fehri-chelbi;taoufik-habaieb;faiza-kefi;othman-ben-arfa;tarek-fawzi-el-arabi,hassen-belkhodja;sakher-el-materi;sihem-bensedrine;bochra-belhaj-hmida;ayachi-hammami;chokri-belaid;mohammed-mzali;rachid-sfar;mongi-slim;habib-bourguiba-jr;mohamed-masmoudi;habib-chatti;mohamed-fitouri;hedi-mabrouk;mahmoud-mestiri;bechir-mhedhbi;slaheddine-baly;ali-laarayedh;mehdi-jomaa;habib-essid;hichem-mechichi;habib-ammar;abdelhamid-escheikh;abderrahmane-belhaj-ali;lotfi-brahem;kamel-feki;khaled-nouri;khaled-shili;chedli-neffati;abdallah-kallel;mohamed-jegham;mohamed-naceur-ghannouchi;mohamed-najem-gharsalli;lotfi-ben-jeddou;hedi-majdoub
snapshot 2010-01-01,snapshot,influence,0.978,11.8,0,boubaker-el-akhzouri;ali-seriati;rafiq-belhaj-kacem;kamel-morjane;ridha-ben-mosbah;mohamed-ghannouchi;taoufik-baccar;mohamed-kechiche;bechir-tekkari;rachid-ammar;mohamed-khamassi;taieb-laajimi;kamel-akrout;rached-ghannouchi;nabil-karoui;marouane-mabrouk;selma-elloumi;faouzi-elloumi;abdelwahab-abdallah;abdelwahab-ben-ayed;mohamed-fehri-chelbi;larbi-nasra;noureddine-boutar;taoufik-habaieb;tahar-ben-hassine;faiza-kefi;othman-ben-arfa;maya-jribi;mokhtar-trifi;tarek-fawzi-el-arabi,kais-saied;khaled-yahyaoui;kamel-eltaief;mohamed-habib-dhif;wassila-bourguiba;bourguiba;bahi-ladgham;mohammed-mzali;rachid-sfar;sadok-mokaddem;mongi-slim;habib-bourguiba-jr;mohamed-masmoudi;habib-chatti;mohamed-fitouri;hassen-belkhodja;hedi-mabrouk;mahmoud-mestiri;hassib-ben-ammar;bechir-mhedhbi;abdallah-farhat;slaheddine-baly;beji-caid-essebsi;hedi-baccouche;hamadi-jebali;ali-laarayedh;mehdi-jomaa;habib-essid;youssef-chahed;elyes-fakhfakh;hichem-mechichi;najla-bouden;ahmed-hachani;kamel-madouri;sara-zaafarani;ahmed-bouhali
snapshot 2010-01-01,snapshot,composite,0.621,35.3,2,rafiq-belhaj-kacem;marouane-mabrouk;abdelwahab-abdallah;mohamed-khamassi;bechir-tekkari;maya-jribi;noureddine-boutar;rachid-ammar;taieb-laajimi;tahar-ben-hassine;ridha-ben-mosbah;larbi-nasra;taoufik-habaieb;boubaker-el-akhzouri;mohamed-kechiche;taoufik-baccar;mokhtar-trifi;tarek-fawzi-el-arabi;othman-ben-arfa;faiza-kefi;mohamed-fehri-chelbi,kais-saied;bourguiba;beji-caid-essebsi;mohamed-ennaceur;abderrahmane-belhaj-ali;youssef-chahed;khaled-yahyaoui;brahim-bouderbala;hedi-nouira;tawfik-charfeddine;ali-laarayedh;nouri-ben-taous;mohamed-salah-hamdi;othman-battikh;abdelkarim-zbidi;habib-essid;mohamed-habib-dhif;othman-jarandi;brahim-bertagi;lotfi-ben-jeddou;mourad-saidane;farouk-bouasker;ahmed-mestiri;leila-jaffel;hassine-gharbi;najla-bouden;habib-ben-yahia
snapshot 2020-01-01,snapshot,authority,0.998,2.5,0,hichem-fourati;mohamed-habib-dhif;youssef-chahed;kamel-guizani;nouri-ben-taous;mohamed-ali-ben-khaled;mohamed-el-ghoul;mohamed-salah-hamdi;abderraouf-atallah;mohamed-hajem;rached-ghannouchi;khelifa-harroum;marouane-abassi;khaled-yahyaoui;youssef-bouzakher;nabil-baffoun;abdelhamid-belati;taieb-rached;ahmed-adhoum;ridha-chalghoum;youssef-zouaghi;abdessalem-mehdi-grissiaa;hafedh-caid-essebsi;nejib-ktari;lotfi-debbabi;habib-benhadj-kouider;mohamed-karim-el-jamoussi;hassine-gharbi;noureddine-taboubi;elyes-mnakbi;nabil-karoui;mohamed-lassaad-dahech;chawki-tabib;brahim-bouderbala;jaouher-ferjaoui;anas-hmaidi;mohamed-abbou;marouane-mabrouk;nouri-lajmi,bourguiba;ben-ali;fouad-mebazaa;moncef-marzouki;beji-caid-essebsi;mohamed-ennaceur;rejeb-khaznadar;moustapha-khodja;youssef-saheb-ettabaa;mohamed-larbi-zarrouk;hussein-khodja;shakir-saheb-ettabaa;mustapha-saheb-ettabaa;mustapha-khaznadar;hayreddin-pasha;mohammed-khaznadar;mustapha-ben-ismail;mohamed-aziz-bouattour;mhamed-djellouli;youssef-djait;taieb-djellouli;mustapha-dinguizli;khelil-bouhageb;hedi-lakhoua;mohamed-chenik;slaheddine-baccouche;mustapha-kaak;mohamed-salah-mzali;tahar-ben-ammar;rachid-ammar;ali-laarayedh;habib-essid;hichem-mechichi;ghazi-jeribi;taieb-mehiri;hedi-khefacha;ahmed-mestiri;tahar-belkhodja;habib-ammar
snapshot 2020-01-01,snapshot,proximity,0.902,5,0,hichem-fourati;mohamed-salah-hamdi;khaled-yahyaoui;ayachi-hammami;brahim-bouderbala;othman-battikh;mohamed-karim-el-jamoussi;ahmed-adhoum;kamel-guizani;mohamed-ali-ben-khaled;ridha-chalghoum;abdelhamid-belati;nouri-ben-taous;mohamed-habib-dhif;hassine-gharbi;khelifa-harroum;mohamed-el-ghoul;abderraouf-atallah;mohamed-hajem;rached-ghannouchi;hafedh-caid-essebsi;faouzi-elloumi;chawki-tabib;youssef-zouaghi;marouane-abassi;mohsen-marzouk;abir-moussi;nabil-karoui;marouane-mabrouk;nouri-lajmi;mohamed-lassaad-dahech;sami-essid;sami-fehri;noureddine-boutar;taoufik-habaieb;nejib-ktari;youssef-bouzakher;abdessalem-mehdi-grissiaa,bourguiba;ben-ali;fouad-mebazaa;moncef-marzouki;beji-caid-essebsi;kamel-akrout;selma-elloumi;yadh-ben-achour;mohamed-ennaceur;nadia-akacha;ridha-belhaj;bahi-ladgham;mohammed-mzali;rachid-sfar;sadok-mokaddem;mongi-slim;habib-bourguiba-jr;mohamed-masmoudi;habib-chatti;mohamed-fitouri;hassen-belkhodja;hedi-mabrouk;mahmoud-mestiri;hassib-ben-ammar;bechir-mhedhbi;abdallah-farhat;slaheddine-baly;hedi-baccouche;hamadi-jebali;ali-laarayedh;mehdi-jomaa;habib-essid;elyes-fakhfakh;hichem-mechichi;najla-bouden;ahmed-hachani;kamel-madouri;sara-zaafarani
snapshot 2020-01-01,snapshot,survival,0.773,72.5,0,zouhair-maghzaoui;slim-riahi;lotfi-mraihi;seifeddine-makhlouf;tarak-cherif;abdelmajid-ezzar;anas-hmaidi;jamel-msallem;othman-battikh;ridha-chalghoum;chawki-tabib,ben-ali;moncef-marzouki;mustapha-ben-jaafar;beji-caid-essebsi;abderrahmane-belhaj-ali;kamel-morjane;othman-jarandi;adel-jehane;kamel-akrout;selma-elloumi;abdelwahab-ben-ayed
snapshot 2020-01-01,snapshot,brokerage,0.923,20,0,nouri-ben-taous;mohamed-salah-hamdi;faouzi-elloumi;chawki-tabib;slim-riahi;khaled-yahyaoui;hafedh-caid-essebsi;issam-chebbi;ahmed-adhoum;mohamed-ali-ben-khaled;hassine-gharbi;khelifa-harroum;hichem-fourati;ridha-chalghoum;marouane-abassi;mohamed-el-ghoul;abderraouf-atallah;mohamed-hajem;abdelhamid-belati;mohamed-habib-dhif;mohsen-marzouk;abir-moussi;nouri-lajmi;mohamed-lassaad-dahech;sami-essid;sami-fehri;noureddine-boutar;taoufik-habaieb;nejib-ktari;youssef-bouzakher;abdessalem-mehdi-grissiaa;taieb-rached,ben-ali;bourguiba;mohamed-ennaceur;moncef-marzouki;tahar-ben-ammar;beji-caid-essebsi;ali-laarayedh;abdelwahab-ben-ayed;aziz-miled;hedi-nouira;fouad-mebazaa;nesrine-ben-ali;ismail-khelil;zied-krichen;sakher-el-materi;rafik-abdessalem;selma-elloumi;rachid-sfar;kamel-eltaief;ghazi-jeribi;sarra-rejeb;cyrine-ben-ali;fadhel-abdelkefi;ali-seriati;sara-zaafarani;ahmed-nejib-chebbi;ridha-belhaj;kamel-morjane;hamadi-jebali;mehdi-jomaa;hichem-mechichi;zouheir-mejri
snapshot 2020-01-01,snapshot,reach,0.995,5,0,hichem-fourati;ridha-chalghoum;khaled-yahyaoui;faouzi-elloumi;sami-essid;sami-fehri;noureddine-boutar;chawki-tabib;brahim-bouderbala;mohamed-abbou;slim-riahi;seifeddine-makhlouf;abdelmajid-ezzar;youssef-zouaghi;anas-hmaidi;othman-battikh;mohamed-karim-el-jamoussi;kais-saied;youssef-chahed;ahmed-adhoum;kamel-guizani;mohamed-ali-ben-khaled;hassine-gharbi;khelifa-harroum;marouane-abassi;mohamed-salah-hamdi;mohamed-el-ghoul;abderraouf-atallah;mohamed-hajem;abdelhamid-belati;nouri-ben-taous;mohamed-habib-dhif;rached-ghannouchi;hafedh-caid-essebsi;mohsen-marzouk;abir-moussi;marouane-mabrouk;nouri-lajmi,ben-ali;hassen-belkhodja;kamel-morjane;sakher-el-materi;abdelwahab-abdallah;sihem-bensedrine;bochra-belhaj-hmida;chokri-belaid;mohammed-mzali;rachid-sfar;mongi-slim;habib-bourguiba-jr;mohamed-masmoudi;habib-chatti;mohamed-fitouri;hedi-mabrouk;mahmoud-mestiri;bechir-mhedhbi;slaheddine-baly;ali-laarayedh;mehdi-jomaa;habib-essid;hichem-mechichi;habib-ammar;abdelhamid-escheikh;abderrahmane-belhaj-ali;lotfi-brahem;kamel-feki;khaled-nouri;khaled-shili;chedli-neffati;abdallah-kallel;mohamed-jegham;rafiq-belhaj-kacem;mohamed-naceur-ghannouchi;mohamed-najem-gharsalli;lotfi-ben-jeddou;hedi-majdoub
snapshot 2020-01-01,snapshot,influence,0.921,10,0,ahmed-adhoum;kamel-guizani;mohamed-ali-ben-khaled;hassine-gharbi;khelifa-harroum;hichem-fourati;ridha-chalghoum;marouane-abassi;mohamed-salah-hamdi;mohamed-el-ghoul;abderraouf-atallah;mohamed-hajem;abdelhamid-belati;nouri-ben-taous;rached-ghannouchi;hafedh-caid-essebsi;mohsen-marzouk;abir-moussi;nabil-karoui;marouane-mabrouk;faouzi-elloumi;nouri-lajmi;mohamed-lassaad-dahech;sami-essid;sami-fehri;noureddine-boutar;taoufik-habaieb;ayachi-hammami;chawki-tabib;nejib-ktari;youssef-bouzakher;abdessalem-mehdi-grissiaa;brahim-bouderbala;taieb-rached;noureddine-taboubi;mohamed-abbou,kamel-eltaief;wassila-bourguiba;bourguiba;ben-ali;fouad-mebazaa;moncef-marzouki;mustapha-ben-jaafar;bahi-ladgham;mohammed-mzali;rachid-sfar;sadok-mokaddem;mongi-slim;habib-bourguiba-jr;mohamed-masmoudi;habib-chatti;mohamed-fitouri;hassen-belkhodja;hedi-mabrouk;mahmoud-mestiri;hassib-ben-ammar;bechir-mhedhbi;abdallah-farhat;slaheddine-baly;beji-caid-essebsi;hedi-baccouche;hamadi-jebali;ali-laarayedh;mehdi-jomaa;habib-essid;elyes-fakhfakh;hichem-mechichi;najla-bouden;ahmed-hachani;kamel-madouri;sara-zaafarani;ahmed-bouhali
snapshot 2020-01-01,snapshot,composite,0.821,30,0,ridha-chalghoum;abdelhamid-belati;hichem-fourati;mohamed-el-ghoul;mohamed-hajem;khelifa-harroum;chawki-tabib;marouane-abassi;anas-hmaidi;slim-riahi;mohamed-karim-el-jamoussi;noureddine-boutar;seifeddine-makhlouf;abdelmajid-ezzar;abdessalem-mehdi-grissiaa;sami-fehri;nejib-ktari;habib-benhadj-kouider;noureddine-taboubi;mohamed-ali-ben-khaled;sami-essid;ayachi-hammami;marouane-mabrouk;nouri-lajmi;jamel-msallem;abir-moussi;zouhair-maghzaoui;ahmed-adhoum,ben-ali;bourguiba;moncef-marzouki;beji-caid-essebsi;fouad-mebazaa;kamel-akrout;selma-elloumi;kamel-morjane;mohamed-ennaceur;abderrahmane-belhaj-ali;hedi-nouira;tawfik-charfeddine;ali-laarayedh;abdelkarim-zbidi;habib-essid;mohamed-ghannouchi;othman-jarandi;ali-seriati;brahim-bertagi;lotfi-ben-jeddou;mourad-saidane;abdelwahab-ben-ayed;farouk-bouasker;ahmed-mestiri;leila-jaffel;najla-bouden;habib-ben-yahia;mustapha-ben-jaafar